id,name,last_name,gender,email,registered_at
1,Marcus,Cumpsty,Male,mcumpsty0@fastcompany.com,2024-04-20 09:54:56
2,Samson,Willeson,Male,swilleson1@answers.com,2024-11-16 01:48:22
3,Misha,Brick,Female,mbrick2@reverbnation.com,2024-02-01 08:27:10
4,William,Swainsbury,Male,wswainsbury3@wufoo.com,2024-03-01 16:55:46
5,Madonna,Renouf,Female,mrenouf4@youku.com,2024-07-27 01:48:53
6,Brynna,Doucette,Female,bdoucette5@mayoclinic.com,2024-08-29 18:53:54
7,Blancha,Griswood,Female,bgriswood6@java.com,2024-03-16 16:43:40
8,Finn,Keuntje,Male,fkeuntje7@theglobeandmail.com,2024-07-28 17:32:27
9,Brett,Jewett,Male,bjewett8@elegantthemes.com,2024-06-24 01:52:19
10,Bell,Aish,Female,baish9@latimes.com,2024-08-18 09:54:40
11,Delly,Robottham,Female,drobotthama@plala.or.jp,2024-03-20 03:30:25
12,Christina,Phelipeaux,Female,cphelipeauxb@phoca.cz,2024-02-02 11:54:02
13,Andreas,Mayer,Male,amayerc@tmall.com,2024-11-02 08:30:39
14,Philly,Raoul,Female,praould@fastcompany.com,2024-08-24 18:28:58
15,Milo,Greeves,Male,mgreevese@usgs.gov,2024-11-27 07:59:26
16,Mata,Parlet,Male,mparletf@salon.com,2024-04-12 07:36:19
17,Benedicta,Roskelly,Female,broskellyg@google.ca,2024-05-09 11:25:46
18,Lance,Lukock,Male,llukockh@hibu.com,2024-01-05 15:01:24
19,Rickey,Bogges,Male,rboggesi@cam.ac.uk,2024-05-06 21:51:43
20,Beverlie,Alldread,Female,balldreadj@hao123.com,2024-11-26 06:40:56
21,Diannne,Smithin,Female,dsmithink@mlb.com,2024-10-24 07:36:56
22,Rosabella,Vinker,Female,rvinkerl@wsj.com,2024-01-06 10:28:27
23,Etan,Doiley,Male,edoileym@ibm.com,2024-06-30 01:38:20
24,Florencia,Stanney,Female,fstanneyn@last.fm,2024-05-22 02:09:41
25,Gilberto,Currm,Male,gcurrmo@etsy.com,2024-05-08 17:08:55
26,Jessie,Boadby,Female,jboadbyp@g.co,2024-11-12 15:02:20
27,Emilio,Burghill,Male,eburghillq@newyorker.com,2024-08-26 19:51:56
28,Doralia,Sibley,Female,dsibleyr@reference.com,2024-12-04 12:29:28
29,Dilly,Wingham,Male,dwinghams@globo.com,2024-06-05 15:12:54
30,Suzy,Meins,Female,smeinst@fema.gov,2024-06-29 10:59:29
31,Stavros,Hankinson,Male,shankinsonu@economist.com,2024-04-26 18:52:06
32,Jodi,Rushforth,Male,jrushforthv@ocn.ne.jp,2024-11-23 21:03:57
33,Ernie,Filisov,Male,efilisovw@clickbank.net,2024-04-28 05:04:47
34,Lorraine,Gallaccio,Female,lgallacciox@ifeng.com,2024-02-11 19:20:58
35,Marji,Morcom,Female,mmorcomy@rakuten.co.jp,2024-01-18 00:58:52
36,Freida,Pantling,Female,fpantlingz@twitpic.com,2024-05-30 16:21:14
37,Thalia,Compson,Female,tcompson10@ucoz.ru,2024-05-21 22:21:20
38,Kliment,Boxill,Male,kboxill11@cornell.edu,2024-06-07 00:47:54
39,Gray,Chalke,Female,gchalke12@shareasale.com,2024-10-20 23:13:48
40,Darb,Grinvalds,Male,dgrinvalds13@scribd.com,2024-02-21 23:06:10
41,Zarla,Briscoe,Female,zbriscoe14@dagondesign.com,2024-01-14 07:47:52
42,Bernadene,Sleightholme,Female,bsleightholme15@netscape.com,2024-11-30 20:29:39
43,Hagan,Walesa,Male,hwalesa16@ask.com,2024-04-17 05:57:51
44,Florette,Spikeings,Female,fspikeings17@who.int,2023-12-23 09:04:59
45,Micky,Finn,Male,mfinn18@mail.ru,2024-09-15 01:05:04
46,Janette,Fehners,Female,jfehners19@hostgator.com,2024-11-02 03:11:16
47,Cele,McEvoy,Female,cmcevoy1a@zimbio.com,2024-03-25 14:50:16
48,Charyl,Sandhill,Female,csandhill1b@etsy.com,2024-06-11 07:03:43
49,Erminie,Berresford,Female,eberresford1c@hugedomains.com,2024-04-30 15:53:32
50,Monty,Juris,Male,mjuris1d@weather.com,2024-02-01 10:48:28
